CODE_DOMAIN,CODE_VALUE,CODE_DESC,uri,uri2,uri3,uri4,label1,label2,label3
C_O_SOIL_TAXONOMY,A,Alfisol,http://registry.it.csiro.au/def/soils/soil-taxonomy/,alfisol,alfisol,http://registry.it.csiro.au/def/soils/soil-taxonomy/alfisol,',@en,'Alfisol'@en
C_O_SOIL_TAXONOMY,AAQ,Aqualf,http://registry.it.csiro.au/def/soils/soil-taxonomy/,aqualf,aqualf,http://registry.it.csiro.au/def/soils/soil-taxonomy/aqualf,',@en,'Aqualf'@en
C_O_SOIL_TAXONOMY,AAQAL,Albaqualf,http://registry.it.csiro.au/def/soils/soil-taxonomy/,albaqualf,albaqualf,http://registry.it.csiro.au/def/soils/soil-taxonomy/albaqualf,',@en,'Albaqualf'@en
C_O_SOIL_TAXONOMY,AAQDU,Duraqualf,http://registry.it.csiro.au/def/soils/soil-taxonomy/,duraqualf,duraqualf,http://registry.it.csiro.au/def/soils/soil-taxonomy/duraqualf,',@en,'Duraqualf'@en
C_O_SOIL_TAXONOMY,AAQFR,Fragiaqualf,http://registry.it.csiro.au/def/soils/soil-taxonomy/,fragiaqualf,fragiaqualf,http://registry.it.csiro.au/def/soils/soil-taxonomy/fragiaqualf,',@en,'Fragiaqualf'@en
C_O_SOIL_TAXONOMY,AAQGL,Glossaqualf,http://registry.it.csiro.au/def/soils/soil-taxonomy/,glossaqualf,glossaqualf,http://registry.it.csiro.au/def/soils/soil-taxonomy/glossaqualf,',@en,'Glossaqualf'@en
C_O_SOIL_TAXONOMY,AAQKA,Kandiaqualf,http://registry.it.csiro.au/def/soils/soil-taxonomy/,kandiaqualf,kandiaqualf,http://registry.it.csiro.au/def/soils/soil-taxonomy/kandiaqualf,',@en,'Kandiaqualf'@en
C_O_SOIL_TAXONOMY,AAQNA,Natraqualf,http://registry.it.csiro.au/def/soils/soil-taxonomy/,natraqualf,natraqualf,http://registry.it.csiro.au/def/soils/soil-taxonomy/natraqualf,',@en,'Natraqualf'@en
C_O_SOIL_TAXONOMY,AAQOC,Ochraqualf,http://registry.it.csiro.au/def/soils/soil-taxonomy/,ochraqualf,ochraqualf,http://registry.it.csiro.au/def/soils/soil-taxonomy/ochraqualf,',@en,'Ochraqualf'@en
C_O_SOIL_TAXONOMY,AAQPN,Plinthaqualf,http://registry.it.csiro.au/def/soils/soil-taxonomy/,plinthaqualf,plinthaqualf,http://registry.it.csiro.au/def/soils/soil-taxonomy/plinthaqualf,',@en,'Plinthaqualf'@en
C_O_SOIL_TAXONOMY,AAQUM,Umbraqualf,http://registry.it.csiro.au/def/soils/soil-taxonomy/,umbraqualf,umbraqualf,http://registry.it.csiro.au/def/soils/soil-taxonomy/umbraqualf,',@en,'Umbraqualf'@en
C_O_SOIL_TAXONOMY,ABO,Boralf,http://registry.it.csiro.au/def/soils/soil-taxonomy/,boralf,boralf,http://registry.it.csiro.au/def/soils/soil-taxonomy/boralf,',@en,'Boralf'@en
C_O_SOIL_TAXONOMY,ABOCR,Cryoboralf,http://registry.it.csiro.au/def/soils/soil-taxonomy/,cryoboralf,cryoboralf,http://registry.it.csiro.au/def/soils/soil-taxonomy/cryoboralf,',@en,'Cryoboralf'@en
C_O_SOIL_TAXONOMY,ABOEU,Eutroboralf,http://registry.it.csiro.au/def/soils/soil-taxonomy/,eutroboralf,eutroboralf,http://registry.it.csiro.au/def/soils/soil-taxonomy/eutroboralf,',@en,'Eutroboralf'@en
C_O_SOIL_TAXONOMY,ABOFR,Fragiboralf,http://registry.it.csiro.au/def/soils/soil-taxonomy/,fragiboralf,fragiboralf,http://registry.it.csiro.au/def/soils/soil-taxonomy/fragiboralf,',@en,'Fragiboralf'@en
C_O_SOIL_TAXONOMY,ABOGL,Glossoboralf,http://registry.it.csiro.au/def/soils/soil-taxonomy/,glossoboralf,glossoboralf,http://registry.it.csiro.au/def/soils/soil-taxonomy/glossoboralf,',@en,'Glossoboralf'@en
C_O_SOIL_TAXONOMY,ABONA,Natriboralf,http://registry.it.csiro.au/def/soils/soil-taxonomy/,natriboralf,natriboralf,http://registry.it.csiro.au/def/soils/soil-taxonomy/natriboralf,',@en,'Natriboralf'@en
C_O_SOIL_TAXONOMY,ABOPA,Paleboralf,http://registry.it.csiro.au/def/soils/soil-taxonomy/,paleboralf,paleboralf,http://registry.it.csiro.au/def/soils/soil-taxonomy/paleboralf,',@en,'Paleboralf'@en
C_O_SOIL_TAXONOMY,AUD,Udalf,http://registry.it.csiro.au/def/soils/soil-taxonomy/,udalf,udalf,http://registry.it.csiro.au/def/soils/soil-taxonomy/udalf,',@en,'Udalf'@en
C_O_SOIL_TAXONOMY,AUDAG,Agrudalf,http://registry.it.csiro.au/def/soils/soil-taxonomy/,agrudalf,agrudalf,http://registry.it.csiro.au/def/soils/soil-taxonomy/agrudalf,',@en,'Agrudalf'@en
C_O_SOIL_TAXONOMY,AUDFE,Ferrudalf,http://registry.it.csiro.au/def/soils/soil-taxonomy/,ferrudalf,ferrudalf,http://registry.it.csiro.au/def/soils/soil-taxonomy/ferrudalf,',@en,'Ferrudalf'@en
C_O_SOIL_TAXONOMY,AUDFR,Fragiudalf,http://registry.it.csiro.au/def/soils/soil-taxonomy/,fragiudalf,fragiudalf,http://registry.it.csiro.au/def/soils/soil-taxonomy/fragiudalf,',@en,'Fragiudalf'@en
C_O_SOIL_TAXONOMY,AUDFS,Fraglossudalf,http://registry.it.csiro.au/def/soils/soil-taxonomy/,fraglossudalf,fraglossudalf,http://registry.it.csiro.au/def/soils/soil-taxonomy/fraglossudalf,',@en,'Fraglossudalf'@en
C_O_SOIL_TAXONOMY,AUDGL,Glossudalf,http://registry.it.csiro.au/def/soils/soil-taxonomy/,glossudalf,glossudalf,http://registry.it.csiro.au/def/soils/soil-taxonomy/glossudalf,',@en,'Glossudalf'@en
C_O_SOIL_TAXONOMY,AUDHA,Halpludalf,http://registry.it.csiro.au/def/soils/soil-taxonomy/,halpludalf,halpludalf,http://registry.it.csiro.au/def/soils/soil-taxonomy/halpludalf,',@en,'Halpludalf'@en
C_O_SOIL_TAXONOMY,AUDKA,Kandiudalf,http://registry.it.csiro.au/def/soils/soil-taxonomy/,kandiudalf,kandiudalf,http://registry.it.csiro.au/def/soils/soil-taxonomy/kandiudalf,',@en,'Kandiudalf'@en
C_O_SOIL_TAXONOMY,AUDKH,Kanhapludalf,http://registry.it.csiro.au/def/soils/soil-taxonomy/,kanhapludalf,kanhapludalf,http://registry.it.csiro.au/def/soils/soil-taxonomy/kanhapludalf,',@en,'Kanhapludalf'@en
C_O_SOIL_TAXONOMY,AUDNA,Natrudalf,http://registry.it.csiro.au/def/soils/soil-taxonomy/,natrudalf,natrudalf,http://registry.it.csiro.au/def/soils/soil-taxonomy/natrudalf,',@en,'Natrudalf'@en
C_O_SOIL_TAXONOMY,AUDPA,Paleudalf,http://registry.it.csiro.au/def/soils/soil-taxonomy/,paleudalf,paleudalf,http://registry.it.csiro.au/def/soils/soil-taxonomy/paleudalf,',@en,'Paleudalf'@en
C_O_SOIL_TAXONOMY,AUDTR,Tropudalf,http://registry.it.csiro.au/def/soils/soil-taxonomy/,tropudalf,tropudalf,http://registry.it.csiro.au/def/soils/soil-taxonomy/tropudalf,',@en,'Tropudalf'@en
C_O_SOIL_TAXONOMY,AUS,Ustalf,http://registry.it.csiro.au/def/soils/soil-taxonomy/,ustalf,ustalf,http://registry.it.csiro.au/def/soils/soil-taxonomy/ustalf,',@en,'Ustalf'@en
C_O_SOIL_TAXONOMY,AUSDA,Durustalf,http://registry.it.csiro.au/def/soils/soil-taxonomy/,durustalf,durustalf,http://registry.it.csiro.au/def/soils/soil-taxonomy/durustalf,',@en,'Durustalf'@en
C_O_SOIL_TAXONOMY,AUSHA,Haplustalf,http://registry.it.csiro.au/def/soils/soil-taxonomy/,haplustalf,haplustalf,http://registry.it.csiro.au/def/soils/soil-taxonomy/haplustalf,',@en,'Haplustalf'@en
C_O_SOIL_TAXONOMY,AUSKA,Kandiustalf,http://registry.it.csiro.au/def/soils/soil-taxonomy/,kandiustalf,kandiustalf,http://registry.it.csiro.au/def/soils/soil-taxonomy/kandiustalf,',@en,'Kandiustalf'@en
C_O_SOIL_TAXONOMY,AUSKH,Kanhaplustalf,http://registry.it.csiro.au/def/soils/soil-taxonomy/,kanhaplustalf,kanhaplustalf,http://registry.it.csiro.au/def/soils/soil-taxonomy/kanhaplustalf,',@en,'Kanhaplustalf'@en
C_O_SOIL_TAXONOMY,AUSNA,Natrustalf,http://registry.it.csiro.au/def/soils/soil-taxonomy/,natrustalf,natrustalf,http://registry.it.csiro.au/def/soils/soil-taxonomy/natrustalf,',@en,'Natrustalf'@en
C_O_SOIL_TAXONOMY,AUSPA,Paleustalf,http://registry.it.csiro.au/def/soils/soil-taxonomy/,paleustalf,paleustalf,http://registry.it.csiro.au/def/soils/soil-taxonomy/paleustalf,',@en,'Paleustalf'@en
C_O_SOIL_TAXONOMY,AUSPN,Plinthustalf,http://registry.it.csiro.au/def/soils/soil-taxonomy/,plinthustalf,plinthustalf,http://registry.it.csiro.au/def/soils/soil-taxonomy/plinthustalf,',@en,'Plinthustalf'@en
C_O_SOIL_TAXONOMY,AUSRH,Rhodustalf,http://registry.it.csiro.au/def/soils/soil-taxonomy/,rhodustalf,rhodustalf,http://registry.it.csiro.au/def/soils/soil-taxonomy/rhodustalf,',@en,'Rhodustalf'@en
C_O_SOIL_TAXONOMY,AXE,Xeralf,http://registry.it.csiro.au/def/soils/soil-taxonomy/,xeralf,xeralf,http://registry.it.csiro.au/def/soils/soil-taxonomy/xeralf,',@en,'Xeralf'@en
C_O_SOIL_TAXONOMY,AXEDU,Durixeralf,http://registry.it.csiro.au/def/soils/soil-taxonomy/,durixeralf,durixeralf,http://registry.it.csiro.au/def/soils/soil-taxonomy/durixeralf,',@en,'Durixeralf'@en
C_O_SOIL_TAXONOMY,AXEFR,Fragixeralf,http://registry.it.csiro.au/def/soils/soil-taxonomy/,fragixeralf,fragixeralf,http://registry.it.csiro.au/def/soils/soil-taxonomy/fragixeralf,',@en,'Fragixeralf'@en
C_O_SOIL_TAXONOMY,AXEHA,Haploxeralf,http://registry.it.csiro.au/def/soils/soil-taxonomy/,haploxeralf,haploxeralf,http://registry.it.csiro.au/def/soils/soil-taxonomy/haploxeralf,',@en,'Haploxeralf'@en
C_O_SOIL_TAXONOMY,AXENA,Natrixeralf,http://registry.it.csiro.au/def/soils/soil-taxonomy/,natrixeralf,natrixeralf,http://registry.it.csiro.au/def/soils/soil-taxonomy/natrixeralf,',@en,'Natrixeralf'@en
C_O_SOIL_TAXONOMY,AXEPA,Palexeralf,http://registry.it.csiro.au/def/soils/soil-taxonomy/,palexeralf,palexeralf,http://registry.it.csiro.au/def/soils/soil-taxonomy/palexeralf,',@en,'Palexeralf'@en
C_O_SOIL_TAXONOMY,AXEPN,Plinthoxeralf,http://registry.it.csiro.au/def/soils/soil-taxonomy/,plinthoxeralf,plinthoxeralf,http://registry.it.csiro.au/def/soils/soil-taxonomy/plinthoxeralf,',@en,'Plinthoxeralf'@en
C_O_SOIL_TAXONOMY,AXERH,Rhodoxeralf,http://registry.it.csiro.au/def/soils/soil-taxonomy/,rhodoxeralf,rhodoxeralf,http://registry.it.csiro.au/def/soils/soil-taxonomy/rhodoxeralf,',@en,'Rhodoxeralf'@en
C_O_SOIL_TAXONOMY,D,Aridisol,http://registry.it.csiro.au/def/soils/soil-taxonomy/,aridisol,aridisol,http://registry.it.csiro.au/def/soils/soil-taxonomy/aridisol,',@en,'Aridisol'@en
C_O_SOIL_TAXONOMY,DAR,Argid,http://registry.it.csiro.au/def/soils/soil-taxonomy/,argid,argid,http://registry.it.csiro.au/def/soils/soil-taxonomy/argid,',@en,'Argid'@en
C_O_SOIL_TAXONOMY,DARDU,Durargid,http://registry.it.csiro.au/def/soils/soil-taxonomy/,durargid,durargid,http://registry.it.csiro.au/def/soils/soil-taxonomy/durargid,',@en,'Durargid'@en
C_O_SOIL_TAXONOMY,DARHA,Haplargid,http://registry.it.csiro.au/def/soils/soil-taxonomy/,haplargid,haplargid,http://registry.it.csiro.au/def/soils/soil-taxonomy/haplargid,',@en,'Haplargid'@en
C_O_SOIL_TAXONOMY,DARND,Nadurargid,http://registry.it.csiro.au/def/soils/soil-taxonomy/,nadurargid,nadurargid,http://registry.it.csiro.au/def/soils/soil-taxonomy/nadurargid,',@en,'Nadurargid'@en
C_O_SOIL_TAXONOMY,DARNT,Natrargid,http://registry.it.csiro.au/def/soils/soil-taxonomy/,natrargid,natrargid,http://registry.it.csiro.au/def/soils/soil-taxonomy/natrargid,',@en,'Natrargid'@en
C_O_SOIL_TAXONOMY,DARPA,Paleargid,http://registry.it.csiro.au/def/soils/soil-taxonomy/,paleargid,paleargid,http://registry.it.csiro.au/def/soils/soil-taxonomy/paleargid,',@en,'Paleargid'@en
C_O_SOIL_TAXONOMY,DOR,Orthid,http://registry.it.csiro.au/def/soils/soil-taxonomy/,orthid,orthid,http://registry.it.csiro.au/def/soils/soil-taxonomy/orthid,',@en,'Orthid'@en
C_O_SOIL_TAXONOMY,DORCL,Calciorthid,http://registry.it.csiro.au/def/soils/soil-taxonomy/,calciorthid,calciorthid,http://registry.it.csiro.au/def/soils/soil-taxonomy/calciorthid,',@en,'Calciorthid'@en
C_O_SOIL_TAXONOMY,DORCM,Camborthid,http://registry.it.csiro.au/def/soils/soil-taxonomy/,camborthid,camborthid,http://registry.it.csiro.au/def/soils/soil-taxonomy/camborthid,',@en,'Camborthid'@en
C_O_SOIL_TAXONOMY,DORDU,Durorthid,http://registry.it.csiro.au/def/soils/soil-taxonomy/,durorthid,durorthid,http://registry.it.csiro.au/def/soils/soil-taxonomy/durorthid,',@en,'Durorthid'@en
C_O_SOIL_TAXONOMY,DORGY,Gypsiorthid,http://registry.it.csiro.au/def/soils/soil-taxonomy/,gypsiorthid,gypsiorthid,http://registry.it.csiro.au/def/soils/soil-taxonomy/gypsiorthid,',@en,'Gypsiorthid'@en
C_O_SOIL_TAXONOMY,DORPA,Paleorthid,http://registry.it.csiro.au/def/soils/soil-taxonomy/,paleorthid,paleorthid,http://registry.it.csiro.au/def/soils/soil-taxonomy/paleorthid,',@en,'Paleorthid'@en
C_O_SOIL_TAXONOMY,DORSA,Salorthid,http://registry.it.csiro.au/def/soils/soil-taxonomy/,salorthid,salorthid,http://registry.it.csiro.au/def/soils/soil-taxonomy/salorthid,',@en,'Salorthid'@en
C_O_SOIL_TAXONOMY,E,Entisol,http://registry.it.csiro.au/def/soils/soil-taxonomy/,entisol,entisol,http://registry.it.csiro.au/def/soils/soil-taxonomy/entisol,',@en,'Entisol'@en
C_O_SOIL_TAXONOMY,EAQ,Aquent,http://registry.it.csiro.au/def/soils/soil-taxonomy/,aquent,aquent,http://registry.it.csiro.au/def/soils/soil-taxonomy/aquent,',@en,'Aquent'@en
C_O_SOIL_TAXONOMY,EAQCR,Cryaquent,http://registry.it.csiro.au/def/soils/soil-taxonomy/,cryaquent,cryaquent,http://registry.it.csiro.au/def/soils/soil-taxonomy/cryaquent,',@en,'Cryaquent'@en
C_O_SOIL_TAXONOMY,EAQFL,Fluvaquent,http://registry.it.csiro.au/def/soils/soil-taxonomy/,fluvaquent,fluvaquent,http://registry.it.csiro.au/def/soils/soil-taxonomy/fluvaquent,',@en,'Fluvaquent'@en
C_O_SOIL_TAXONOMY,EAQHA,Haplaquent,http://registry.it.csiro.au/def/soils/soil-taxonomy/,haplaquent,haplaquent,http://registry.it.csiro.au/def/soils/soil-taxonomy/haplaquent,',@en,'Haplaquent'@en
C_O_SOIL_TAXONOMY,EAQHY,Hydraquent,http://registry.it.csiro.au/def/soils/soil-taxonomy/,hydraquent,hydraquent,http://registry.it.csiro.au/def/soils/soil-taxonomy/hydraquent,',@en,'Hydraquent'@en
C_O_SOIL_TAXONOMY,EAQPS,Psammaquent,http://registry.it.csiro.au/def/soils/soil-taxonomy/,psammaquent,psammaquent,http://registry.it.csiro.au/def/soils/soil-taxonomy/psammaquent,',@en,'Psammaquent'@en
C_O_SOIL_TAXONOMY,EAQSU,Sulfaquent,http://registry.it.csiro.au/def/soils/soil-taxonomy/,sulfaquent,sulfaquent,http://registry.it.csiro.au/def/soils/soil-taxonomy/sulfaquent,',@en,'Sulfaquent'@en
C_O_SOIL_TAXONOMY,EAQTR,Tropaquent,http://registry.it.csiro.au/def/soils/soil-taxonomy/,tropaquent,tropaquent,http://registry.it.csiro.au/def/soils/soil-taxonomy/tropaquent,',@en,'Tropaquent'@en
C_O_SOIL_TAXONOMY,EAR,Arent,http://registry.it.csiro.au/def/soils/soil-taxonomy/,arent,arent,http://registry.it.csiro.au/def/soils/soil-taxonomy/arent,',@en,'Arent'@en
C_O_SOIL_TAXONOMY,EARAR,Arent,http://registry.it.csiro.au/def/soils/soil-taxonomy/,arent,arent,http://registry.it.csiro.au/def/soils/soil-taxonomy/arent,',@en,'Arent'@en
C_O_SOIL_TAXONOMY,EFL,Fluvent,http://registry.it.csiro.au/def/soils/soil-taxonomy/,fluvent,fluvent,http://registry.it.csiro.au/def/soils/soil-taxonomy/fluvent,',@en,'Fluvent'@en
C_O_SOIL_TAXONOMY,EFLCR,Cryofluvent,http://registry.it.csiro.au/def/soils/soil-taxonomy/,cryofluvent,cryofluvent,http://registry.it.csiro.au/def/soils/soil-taxonomy/cryofluvent,',@en,'Cryofluvent'@en
C_O_SOIL_TAXONOMY,EFLTO,Torrifluvent,http://registry.it.csiro.au/def/soils/soil-taxonomy/,torrifluvent,torrifluvent,http://registry.it.csiro.au/def/soils/soil-taxonomy/torrifluvent,',@en,'Torrifluvent'@en
C_O_SOIL_TAXONOMY,EFLTR,Tropofluvent,http://registry.it.csiro.au/def/soils/soil-taxonomy/,tropofluvent,tropofluvent,http://registry.it.csiro.au/def/soils/soil-taxonomy/tropofluvent,',@en,'Tropofluvent'@en
C_O_SOIL_TAXONOMY,EFLUD,Udifluvent,http://registry.it.csiro.au/def/soils/soil-taxonomy/,udifluvent,udifluvent,http://registry.it.csiro.au/def/soils/soil-taxonomy/udifluvent,',@en,'Udifluvent'@en
C_O_SOIL_TAXONOMY,EFLUS,Ustifluvent,http://registry.it.csiro.au/def/soils/soil-taxonomy/,ustifluvent,ustifluvent,http://registry.it.csiro.au/def/soils/soil-taxonomy/ustifluvent,',@en,'Ustifluvent'@en
C_O_SOIL_TAXONOMY,EFLXE,Xerofluvent,http://registry.it.csiro.au/def/soils/soil-taxonomy/,xerofluvent,xerofluvent,http://registry.it.csiro.au/def/soils/soil-taxonomy/xerofluvent,',@en,'Xerofluvent'@en
C_O_SOIL_TAXONOMY,EOR,Orthent,http://registry.it.csiro.au/def/soils/soil-taxonomy/,orthent,orthent,http://registry.it.csiro.au/def/soils/soil-taxonomy/orthent,',@en,'Orthent'@en
C_O_SOIL_TAXONOMY,EORCR,Cryorthent,http://registry.it.csiro.au/def/soils/soil-taxonomy/,cryorthent,cryorthent,http://registry.it.csiro.au/def/soils/soil-taxonomy/cryorthent,',@en,'Cryorthent'@en
C_O_SOIL_TAXONOMY,EORTO,Torriorthent,http://registry.it.csiro.au/def/soils/soil-taxonomy/,torriorthent,torriorthent,http://registry.it.csiro.au/def/soils/soil-taxonomy/torriorthent,',@en,'Torriorthent'@en
C_O_SOIL_TAXONOMY,EORTR,Troporthent,http://registry.it.csiro.au/def/soils/soil-taxonomy/,troporthent,troporthent,http://registry.it.csiro.au/def/soils/soil-taxonomy/troporthent,',@en,'Troporthent'@en
C_O_SOIL_TAXONOMY,EORUD,Udorthent,http://registry.it.csiro.au/def/soils/soil-taxonomy/,udorthent,udorthent,http://registry.it.csiro.au/def/soils/soil-taxonomy/udorthent,',@en,'Udorthent'@en
C_O_SOIL_TAXONOMY,EORUS,Ustorthent,http://registry.it.csiro.au/def/soils/soil-taxonomy/,ustorthent,ustorthent,http://registry.it.csiro.au/def/soils/soil-taxonomy/ustorthent,',@en,'Ustorthent'@en
C_O_SOIL_TAXONOMY,EORXE,Xerorthent,http://registry.it.csiro.au/def/soils/soil-taxonomy/,xerorthent,xerorthent,http://registry.it.csiro.au/def/soils/soil-taxonomy/xerorthent,',@en,'Xerorthent'@en
C_O_SOIL_TAXONOMY,EPS,Psamment,http://registry.it.csiro.au/def/soils/soil-taxonomy/,psamment,psamment,http://registry.it.csiro.au/def/soils/soil-taxonomy/psamment,',@en,'Psamment'@en
C_O_SOIL_TAXONOMY,EPSCR,Cryopsamment,http://registry.it.csiro.au/def/soils/soil-taxonomy/,cryopsamment,cryopsamment,http://registry.it.csiro.au/def/soils/soil-taxonomy/cryopsamment,',@en,'Cryopsamment'@en
C_O_SOIL_TAXONOMY,EPSQU,Quartzipsamment,http://registry.it.csiro.au/def/soils/soil-taxonomy/,quartzipsamment,quartzipsamment,http://registry.it.csiro.au/def/soils/soil-taxonomy/quartzipsamment,',@en,'Quartzipsamment'@en
C_O_SOIL_TAXONOMY,EPSTO,Torripsamment,http://registry.it.csiro.au/def/soils/soil-taxonomy/,torripsamment,torripsamment,http://registry.it.csiro.au/def/soils/soil-taxonomy/torripsamment,',@en,'Torripsamment'@en
C_O_SOIL_TAXONOMY,EPSTR,Tropopsamment,http://registry.it.csiro.au/def/soils/soil-taxonomy/,tropopsamment,tropopsamment,http://registry.it.csiro.au/def/soils/soil-taxonomy/tropopsamment,',@en,'Tropopsamment'@en
C_O_SOIL_TAXONOMY,EPSUD,Udipsamment,http://registry.it.csiro.au/def/soils/soil-taxonomy/,udipsamment,udipsamment,http://registry.it.csiro.au/def/soils/soil-taxonomy/udipsamment,',@en,'Udipsamment'@en
C_O_SOIL_TAXONOMY,EPSUS,Ustipsamment,http://registry.it.csiro.au/def/soils/soil-taxonomy/,ustipsamment,ustipsamment,http://registry.it.csiro.au/def/soils/soil-taxonomy/ustipsamment,',@en,'Ustipsamment'@en
C_O_SOIL_TAXONOMY,EPSXE,Xeropsamment,http://registry.it.csiro.au/def/soils/soil-taxonomy/,xeropsamment,xeropsamment,http://registry.it.csiro.au/def/soils/soil-taxonomy/xeropsamment,',@en,'Xeropsamment'@en
C_O_SOIL_TAXONOMY,H,Histosol,http://registry.it.csiro.au/def/soils/soil-taxonomy/,histosol,histosol,http://registry.it.csiro.au/def/soils/soil-taxonomy/histosol,',@en,'Histosol'@en
C_O_SOIL_TAXONOMY,HFI,Fibrist,http://registry.it.csiro.au/def/soils/soil-taxonomy/,fibrist,fibrist,http://registry.it.csiro.au/def/soils/soil-taxonomy/fibrist,',@en,'Fibrist'@en
C_O_SOIL_TAXONOMY,HFIBO,Borofibrist,http://registry.it.csiro.au/def/soils/soil-taxonomy/,borofibrist,borofibrist,http://registry.it.csiro.au/def/soils/soil-taxonomy/borofibrist,',@en,'Borofibrist'@en
C_O_SOIL_TAXONOMY,HFICR,Cryofibrist,http://registry.it.csiro.au/def/soils/soil-taxonomy/,cryofibrist,cryofibrist,http://registry.it.csiro.au/def/soils/soil-taxonomy/cryofibrist,',@en,'Cryofibrist'@en
C_O_SOIL_TAXONOMY,HFILU,Luvifibrist,http://registry.it.csiro.au/def/soils/soil-taxonomy/,luvifibrist,luvifibrist,http://registry.it.csiro.au/def/soils/soil-taxonomy/luvifibrist,',@en,'Luvifibrist'@en
C_O_SOIL_TAXONOMY,HFIME,Medifibrist,http://registry.it.csiro.au/def/soils/soil-taxonomy/,medifibrist,medifibrist,http://registry.it.csiro.au/def/soils/soil-taxonomy/medifibrist,',@en,'Medifibrist'@en
C_O_SOIL_TAXONOMY,HFISP,Sphagnofibrist,http://registry.it.csiro.au/def/soils/soil-taxonomy/,sphagnofibrist,sphagnofibrist,http://registry.it.csiro.au/def/soils/soil-taxonomy/sphagnofibrist,',@en,'Sphagnofibrist'@en
C_O_SOIL_TAXONOMY,HFITR,Tropofibrist,http://registry.it.csiro.au/def/soils/soil-taxonomy/,tropofibrist,tropofibrist,http://registry.it.csiro.au/def/soils/soil-taxonomy/tropofibrist,',@en,'Tropofibrist'@en
C_O_SOIL_TAXONOMY,HFO,Folist,http://registry.it.csiro.au/def/soils/soil-taxonomy/,folist,folist,http://registry.it.csiro.au/def/soils/soil-taxonomy/folist,',@en,'Folist'@en
C_O_SOIL_TAXONOMY,HFOBO,Borofolist,http://registry.it.csiro.au/def/soils/soil-taxonomy/,borofolist,borofolist,http://registry.it.csiro.au/def/soils/soil-taxonomy/borofolist,',@en,'Borofolist'@en
C_O_SOIL_TAXONOMY,HFOCR,Cryofolist,http://registry.it.csiro.au/def/soils/soil-taxonomy/,cryofolist,cryofolist,http://registry.it.csiro.au/def/soils/soil-taxonomy/cryofolist,',@en,'Cryofolist'@en
C_O_SOIL_TAXONOMY,HFOTR,Tropofolist,http://registry.it.csiro.au/def/soils/soil-taxonomy/,tropofolist,tropofolist,http://registry.it.csiro.au/def/soils/soil-taxonomy/tropofolist,',@en,'Tropofolist'@en
C_O_SOIL_TAXONOMY,HHE,Hemist,http://registry.it.csiro.au/def/soils/soil-taxonomy/,hemist,hemist,http://registry.it.csiro.au/def/soils/soil-taxonomy/hemist,',@en,'Hemist'@en
C_O_SOIL_TAXONOMY,HHEBO,Borohemist,http://registry.it.csiro.au/def/soils/soil-taxonomy/,borohemist,borohemist,http://registry.it.csiro.au/def/soils/soil-taxonomy/borohemist,',@en,'Borohemist'@en
C_O_SOIL_TAXONOMY,HHECR,Cryohemist,http://registry.it.csiro.au/def/soils/soil-taxonomy/,cryohemist,cryohemist,http://registry.it.csiro.au/def/soils/soil-taxonomy/cryohemist,',@en,'Cryohemist'@en
C_O_SOIL_TAXONOMY,HHELU,Luvihemist,http://registry.it.csiro.au/def/soils/soil-taxonomy/,luvihemist,luvihemist,http://registry.it.csiro.au/def/soils/soil-taxonomy/luvihemist,',@en,'Luvihemist'@en
C_O_SOIL_TAXONOMY,HHEME,Medihemist,http://registry.it.csiro.au/def/soils/soil-taxonomy/,medihemist,medihemist,http://registry.it.csiro.au/def/soils/soil-taxonomy/medihemist,',@en,'Medihemist'@en
C_O_SOIL_TAXONOMY,HHESI,Sulfihemist,http://registry.it.csiro.au/def/soils/soil-taxonomy/,sulfihemist,sulfihemist,http://registry.it.csiro.au/def/soils/soil-taxonomy/sulfihemist,',@en,'Sulfihemist'@en
C_O_SOIL_TAXONOMY,HHESO,Sulfohemist,http://registry.it.csiro.au/def/soils/soil-taxonomy/,sulfohemist,sulfohemist,http://registry.it.csiro.au/def/soils/soil-taxonomy/sulfohemist,',@en,'Sulfohemist'@en
C_O_SOIL_TAXONOMY,HHETR,Tropohemist,http://registry.it.csiro.au/def/soils/soil-taxonomy/,tropohemist,tropohemist,http://registry.it.csiro.au/def/soils/soil-taxonomy/tropohemist,',@en,'Tropohemist'@en
C_O_SOIL_TAXONOMY,HSA,Saprist,http://registry.it.csiro.au/def/soils/soil-taxonomy/,saprist,saprist,http://registry.it.csiro.au/def/soils/soil-taxonomy/saprist,',@en,'Saprist'@en
C_O_SOIL_TAXONOMY,HSABO,Borosaprist,http://registry.it.csiro.au/def/soils/soil-taxonomy/,borosaprist,borosaprist,http://registry.it.csiro.au/def/soils/soil-taxonomy/borosaprist,',@en,'Borosaprist'@en
C_O_SOIL_TAXONOMY,HSACR,Cryosaprist,http://registry.it.csiro.au/def/soils/soil-taxonomy/,cryosaprist,cryosaprist,http://registry.it.csiro.au/def/soils/soil-taxonomy/cryosaprist,',@en,'Cryosaprist'@en
C_O_SOIL_TAXONOMY,HSAME,Medisaprist,http://registry.it.csiro.au/def/soils/soil-taxonomy/,medisaprist,medisaprist,http://registry.it.csiro.au/def/soils/soil-taxonomy/medisaprist,',@en,'Medisaprist'@en
C_O_SOIL_TAXONOMY,HSATR,Troposaprist,http://registry.it.csiro.au/def/soils/soil-taxonomy/,troposaprist,troposaprist,http://registry.it.csiro.au/def/soils/soil-taxonomy/troposaprist,',@en,'Troposaprist'@en
C_O_SOIL_TAXONOMY,I,Inceptisol,http://registry.it.csiro.au/def/soils/soil-taxonomy/,inceptisol,inceptisol,http://registry.it.csiro.au/def/soils/soil-taxonomy/inceptisol,',@en,'Inceptisol'@en
C_O_SOIL_TAXONOMY,IAN,Andept,http://registry.it.csiro.au/def/soils/soil-taxonomy/,andept,andept,http://registry.it.csiro.au/def/soils/soil-taxonomy/andept,',@en,'Andept'@en
C_O_SOIL_TAXONOMY,IANCR,Cryandept,http://registry.it.csiro.au/def/soils/soil-taxonomy/,cryandept,cryandept,http://registry.it.csiro.au/def/soils/soil-taxonomy/cryandept,',@en,'Cryandept'@en
C_O_SOIL_TAXONOMY,IANDU,Durandept,http://registry.it.csiro.au/def/soils/soil-taxonomy/,durandept,durandept,http://registry.it.csiro.au/def/soils/soil-taxonomy/durandept,',@en,'Durandept'@en
C_O_SOIL_TAXONOMY,IANDY,Dystrandept,http://registry.it.csiro.au/def/soils/soil-taxonomy/,dystrandept,dystrandept,http://registry.it.csiro.au/def/soils/soil-taxonomy/dystrandept,',@en,'Dystrandept'@en
C_O_SOIL_TAXONOMY,IANEU,Eutrandept,http://registry.it.csiro.au/def/soils/soil-taxonomy/,eutrandept,eutrandept,http://registry.it.csiro.au/def/soils/soil-taxonomy/eutrandept,',@en,'Eutrandept'@en
C_O_SOIL_TAXONOMY,IANHY,Hydrandept,http://registry.it.csiro.au/def/soils/soil-taxonomy/,hydrandept,hydrandept,http://registry.it.csiro.au/def/soils/soil-taxonomy/hydrandept,',@en,'Hydrandept'@en
C_O_SOIL_TAXONOMY,IANPK,Placandept,http://registry.it.csiro.au/def/soils/soil-taxonomy/,placandept,placandept,http://registry.it.csiro.au/def/soils/soil-taxonomy/placandept,',@en,'Placandept'@en
C_O_SOIL_TAXONOMY,IANVI,Vitrandept,http://registry.it.csiro.au/def/soils/soil-taxonomy/,vitrandept,vitrandept,http://registry.it.csiro.au/def/soils/soil-taxonomy/vitrandept,',@en,'Vitrandept'@en
C_O_SOIL_TAXONOMY,IAQ,Aqueot,http://registry.it.csiro.au/def/soils/soil-taxonomy/,aqueot,aqueot,http://registry.it.csiro.au/def/soils/soil-taxonomy/aqueot,',@en,'Aqueot'@en
C_O_SOIL_TAXONOMY,IAQAN,Andaquept,http://registry.it.csiro.au/def/soils/soil-taxonomy/,andaquept,andaquept,http://registry.it.csiro.au/def/soils/soil-taxonomy/andaquept,',@en,'Andaquept'@en
C_O_SOIL_TAXONOMY,IAQCR,Cryaquept,http://registry.it.csiro.au/def/soils/soil-taxonomy/,cryaquept,cryaquept,http://registry.it.csiro.au/def/soils/soil-taxonomy/cryaquept,',@en,'Cryaquept'@en
C_O_SOIL_TAXONOMY,IAQFR,Fragiaquept,http://registry.it.csiro.au/def/soils/soil-taxonomy/,fragiaquept,fragiaquept,http://registry.it.csiro.au/def/soils/soil-taxonomy/fragiaquept,',@en,'Fragiaquept'@en
C_O_SOIL_TAXONOMY,IAQHL,Halaquept,http://registry.it.csiro.au/def/soils/soil-taxonomy/,halaquept,halaquept,http://registry.it.csiro.au/def/soils/soil-taxonomy/halaquept,',@en,'Halaquept'@en
C_O_SOIL_TAXONOMY,IAQHP,Haplaquept,http://registry.it.csiro.au/def/soils/soil-taxonomy/,haplaquept,haplaquept,http://registry.it.csiro.au/def/soils/soil-taxonomy/haplaquept,',@en,'Haplaquept'@en
C_O_SOIL_TAXONOMY,IAQHU,Humaquept,http://registry.it.csiro.au/def/soils/soil-taxonomy/,humaquept,humaquept,http://registry.it.csiro.au/def/soils/soil-taxonomy/humaquept,',@en,'Humaquept'@en
C_O_SOIL_TAXONOMY,IAQPK,Placaquept,http://registry.it.csiro.au/def/soils/soil-taxonomy/,placaquept,placaquept,http://registry.it.csiro.au/def/soils/soil-taxonomy/placaquept,',@en,'Placaquept'@en
C_O_SOIL_TAXONOMY,IAQPN,Plinthaquept,http://registry.it.csiro.au/def/soils/soil-taxonomy/,plinthaquept,plinthaquept,http://registry.it.csiro.au/def/soils/soil-taxonomy/plinthaquept,',@en,'Plinthaquept'@en
C_O_SOIL_TAXONOMY,IAQSU,Sulfaquept,http://registry.it.csiro.au/def/soils/soil-taxonomy/,sulfaquept,sulfaquept,http://registry.it.csiro.au/def/soils/soil-taxonomy/sulfaquept,',@en,'Sulfaquept'@en
C_O_SOIL_TAXONOMY,IAQTR,Tropaquept,http://registry.it.csiro.au/def/soils/soil-taxonomy/,tropaquept,tropaquept,http://registry.it.csiro.au/def/soils/soil-taxonomy/tropaquept,',@en,'Tropaquept'@en
C_O_SOIL_TAXONOMY,IOC,Ochrept,http://registry.it.csiro.au/def/soils/soil-taxonomy/,ochrept,ochrept,http://registry.it.csiro.au/def/soils/soil-taxonomy/ochrept,',@en,'Ochrept'@en
C_O_SOIL_TAXONOMY,IOCCR,Cryochrept,http://registry.it.csiro.au/def/soils/soil-taxonomy/,cryochrept,cryochrept,http://registry.it.csiro.au/def/soils/soil-taxonomy/cryochrept,',@en,'Cryochrept'@en
C_O_SOIL_TAXONOMY,IOCDU,Durochrept,http://registry.it.csiro.au/def/soils/soil-taxonomy/,durochrept,durochrept,http://registry.it.csiro.au/def/soils/soil-taxonomy/durochrept,',@en,'Durochrept'@en
C_O_SOIL_TAXONOMY,IOCDY,Dystrochrept,http://registry.it.csiro.au/def/soils/soil-taxonomy/,dystrochrept,dystrochrept,http://registry.it.csiro.au/def/soils/soil-taxonomy/dystrochrept,',@en,'Dystrochrept'@en
C_O_SOIL_TAXONOMY,IOCEU,Eutrochrept,http://registry.it.csiro.au/def/soils/soil-taxonomy/,eutrochrept,eutrochrept,http://registry.it.csiro.au/def/soils/soil-taxonomy/eutrochrept,',@en,'Eutrochrept'@en
C_O_SOIL_TAXONOMY,IOCFR,Fragiochrept,http://registry.it.csiro.au/def/soils/soil-taxonomy/,fragiochrept,fragiochrept,http://registry.it.csiro.au/def/soils/soil-taxonomy/fragiochrept,',@en,'Fragiochrept'@en
C_O_SOIL_TAXONOMY,IOCUS,Ustochrept,http://registry.it.csiro.au/def/soils/soil-taxonomy/,ustochrept,ustochrept,http://registry.it.csiro.au/def/soils/soil-taxonomy/ustochrept,',@en,'Ustochrept'@en
C_O_SOIL_TAXONOMY,IOCXF,Xerochrept,http://registry.it.csiro.au/def/soils/soil-taxonomy/,xerochrept,xerochrept,http://registry.it.csiro.au/def/soils/soil-taxonomy/xerochrept,',@en,'Xerochrept'@en
C_O_SOIL_TAXONOMY,IPL,Plaggept,http://registry.it.csiro.au/def/soils/soil-taxonomy/,plaggept,plaggept,http://registry.it.csiro.au/def/soils/soil-taxonomy/plaggept,',@en,'Plaggept'@en
C_O_SOIL_TAXONOMY,IPLPL,Plaggept,http://registry.it.csiro.au/def/soils/soil-taxonomy/,plaggept,plaggept,http://registry.it.csiro.au/def/soils/soil-taxonomy/plaggept,',@en,'Plaggept'@en
C_O_SOIL_TAXONOMY,ITR,Tropept,http://registry.it.csiro.au/def/soils/soil-taxonomy/,tropept,tropept,http://registry.it.csiro.au/def/soils/soil-taxonomy/tropept,',@en,'Tropept'@en
C_O_SOIL_TAXONOMY,ITRDY,Dystropept,http://registry.it.csiro.au/def/soils/soil-taxonomy/,dystropept,dystropept,http://registry.it.csiro.au/def/soils/soil-taxonomy/dystropept,',@en,'Dystropept'@en
C_O_SOIL_TAXONOMY,ITREU,Eutropept,http://registry.it.csiro.au/def/soils/soil-taxonomy/,eutropept,eutropept,http://registry.it.csiro.au/def/soils/soil-taxonomy/eutropept,',@en,'Eutropept'@en
C_O_SOIL_TAXONOMY,ITRHU,Humitropept,http://registry.it.csiro.au/def/soils/soil-taxonomy/,humitropept,humitropept,http://registry.it.csiro.au/def/soils/soil-taxonomy/humitropept,',@en,'Humitropept'@en
C_O_SOIL_TAXONOMY,ITRSO,Sombritropept,http://registry.it.csiro.au/def/soils/soil-taxonomy/,sombritropept,sombritropept,http://registry.it.csiro.au/def/soils/soil-taxonomy/sombritropept,',@en,'Sombritropept'@en
C_O_SOIL_TAXONOMY,ITRUS,Ustroept,http://registry.it.csiro.au/def/soils/soil-taxonomy/,ustroept,ustroept,http://registry.it.csiro.au/def/soils/soil-taxonomy/ustroept,',@en,'Ustroept'@en
C_O_SOIL_TAXONOMY,IUM,Umbrept,http://registry.it.csiro.au/def/soils/soil-taxonomy/,umbrept,umbrept,http://registry.it.csiro.au/def/soils/soil-taxonomy/umbrept,',@en,'Umbrept'@en
C_O_SOIL_TAXONOMY,IUMCR,Cryumbrept,http://registry.it.csiro.au/def/soils/soil-taxonomy/,cryumbrept,cryumbrept,http://registry.it.csiro.au/def/soils/soil-taxonomy/cryumbrept,',@en,'Cryumbrept'@en
C_O_SOIL_TAXONOMY,IUMFR,Fragiumbrept,http://registry.it.csiro.au/def/soils/soil-taxonomy/,fragiumbrept,fragiumbrept,http://registry.it.csiro.au/def/soils/soil-taxonomy/fragiumbrept,',@en,'Fragiumbrept'@en
C_O_SOIL_TAXONOMY,IUMHA,Haplumbrept,http://registry.it.csiro.au/def/soils/soil-taxonomy/,haplumbrept,haplumbrept,http://registry.it.csiro.au/def/soils/soil-taxonomy/haplumbrept,',@en,'Haplumbrept'@en
C_O_SOIL_TAXONOMY,IUMXF,Xerumbrept,http://registry.it.csiro.au/def/soils/soil-taxonomy/,xerumbrept,xerumbrept,http://registry.it.csiro.au/def/soils/soil-taxonomy/xerumbrept,',@en,'Xerumbrept'@en
C_O_SOIL_TAXONOMY,M,Mollisol,http://registry.it.csiro.au/def/soils/soil-taxonomy/,mollisol,mollisol,http://registry.it.csiro.au/def/soils/soil-taxonomy/mollisol,',@en,'Mollisol'@en
C_O_SOIL_TAXONOMY,MAL,Alboll,http://registry.it.csiro.au/def/soils/soil-taxonomy/,alboll,alboll,http://registry.it.csiro.au/def/soils/soil-taxonomy/alboll,',@en,'Alboll'@en
C_O_SOIL_TAXONOMY,MALAR,Argialboll,http://registry.it.csiro.au/def/soils/soil-taxonomy/,argialboll,argialboll,http://registry.it.csiro.au/def/soils/soil-taxonomy/argialboll,',@en,'Argialboll'@en
C_O_SOIL_TAXONOMY,MALNA,Natralboll,http://registry.it.csiro.au/def/soils/soil-taxonomy/,natralboll,natralboll,http://registry.it.csiro.au/def/soils/soil-taxonomy/natralboll,',@en,'Natralboll'@en
C_O_SOIL_TAXONOMY,MAQ,Aquoll,http://registry.it.csiro.au/def/soils/soil-taxonomy/,aquoll,aquoll,http://registry.it.csiro.au/def/soils/soil-taxonomy/aquoll,',@en,'Aquoll'@en
C_O_SOIL_TAXONOMY,MAQAR,Argiaquoll,http://registry.it.csiro.au/def/soils/soil-taxonomy/,argiaquoll,argiaquoll,http://registry.it.csiro.au/def/soils/soil-taxonomy/argiaquoll,',@en,'Argiaquoll'@en
C_O_SOIL_TAXONOMY,MAQCA,Calciaquoll,http://registry.it.csiro.au/def/soils/soil-taxonomy/,calciaquoll,calciaquoll,http://registry.it.csiro.au/def/soils/soil-taxonomy/calciaquoll,',@en,'Calciaquoll'@en
C_O_SOIL_TAXONOMY,MAQCR,Cryaquoll,http://registry.it.csiro.au/def/soils/soil-taxonomy/,cryaquoll,cryaquoll,http://registry.it.csiro.au/def/soils/soil-taxonomy/cryaquoll,',@en,'Cryaquoll'@en
C_O_SOIL_TAXONOMY,MAQDU,Duraquoll,http://registry.it.csiro.au/def/soils/soil-taxonomy/,duraquoll,duraquoll,http://registry.it.csiro.au/def/soils/soil-taxonomy/duraquoll,',@en,'Duraquoll'@en
C_O_SOIL_TAXONOMY,MAQHA,Haplaquoll,http://registry.it.csiro.au/def/soils/soil-taxonomy/,haplaquoll,haplaquoll,http://registry.it.csiro.au/def/soils/soil-taxonomy/haplaquoll,',@en,'Haplaquoll'@en
C_O_SOIL_TAXONOMY,MAQNA,Natraquoll,http://registry.it.csiro.au/def/soils/soil-taxonomy/,natraquoll,natraquoll,http://registry.it.csiro.au/def/soils/soil-taxonomy/natraquoll,',@en,'Natraquoll'@en
C_O_SOIL_TAXONOMY,MBO,Boroll,http://registry.it.csiro.au/def/soils/soil-taxonomy/,boroll,boroll,http://registry.it.csiro.au/def/soils/soil-taxonomy/boroll,',@en,'Boroll'@en
C_O_SOIL_TAXONOMY,MBOAR,Argiboroll,http://registry.it.csiro.au/def/soils/soil-taxonomy/,argiboroll,argiboroll,http://registry.it.csiro.au/def/soils/soil-taxonomy/argiboroll,',@en,'Argiboroll'@en
C_O_SOIL_TAXONOMY,MBOCA,Calciboroll,http://registry.it.csiro.au/def/soils/soil-taxonomy/,calciboroll,calciboroll,http://registry.it.csiro.au/def/soils/soil-taxonomy/calciboroll,',@en,'Calciboroll'@en
C_O_SOIL_TAXONOMY,MBOCR,Cryoboroll,http://registry.it.csiro.au/def/soils/soil-taxonomy/,cryoboroll,cryoboroll,http://registry.it.csiro.au/def/soils/soil-taxonomy/cryoboroll,',@en,'Cryoboroll'@en
C_O_SOIL_TAXONOMY,MBOHA,Haploboroll,http://registry.it.csiro.au/def/soils/soil-taxonomy/,haploboroll,haploboroll,http://registry.it.csiro.au/def/soils/soil-taxonomy/haploboroll,',@en,'Haploboroll'@en
C_O_SOIL_TAXONOMY,MBONA,Natriboroll,http://registry.it.csiro.au/def/soils/soil-taxonomy/,natriboroll,natriboroll,http://registry.it.csiro.au/def/soils/soil-taxonomy/natriboroll,',@en,'Natriboroll'@en
C_O_SOIL_TAXONOMY,MBOPA,Paleboroll,http://registry.it.csiro.au/def/soils/soil-taxonomy/,paleboroll,paleboroll,http://registry.it.csiro.au/def/soils/soil-taxonomy/paleboroll,',@en,'Paleboroll'@en
C_O_SOIL_TAXONOMY,MBOVE,Vermiboroll,http://registry.it.csiro.au/def/soils/soil-taxonomy/,vermiboroll,vermiboroll,http://registry.it.csiro.au/def/soils/soil-taxonomy/vermiboroll,',@en,'Vermiboroll'@en
C_O_SOIL_TAXONOMY,MRE,Rendoll,http://registry.it.csiro.au/def/soils/soil-taxonomy/,rendoll,rendoll,http://registry.it.csiro.au/def/soils/soil-taxonomy/rendoll,',@en,'Rendoll'@en
C_O_SOIL_TAXONOMY,MRERE,Rendoll,http://registry.it.csiro.au/def/soils/soil-taxonomy/,rendoll,rendoll,http://registry.it.csiro.au/def/soils/soil-taxonomy/rendoll,',@en,'Rendoll'@en
C_O_SOIL_TAXONOMY,MUD,Udoll,http://registry.it.csiro.au/def/soils/soil-taxonomy/,udoll,udoll,http://registry.it.csiro.au/def/soils/soil-taxonomy/udoll,',@en,'Udoll'@en
C_O_SOIL_TAXONOMY,MUDAR,Argiudoll,http://registry.it.csiro.au/def/soils/soil-taxonomy/,argiudoll,argiudoll,http://registry.it.csiro.au/def/soils/soil-taxonomy/argiudoll,',@en,'Argiudoll'@en
C_O_SOIL_TAXONOMY,MUDHA,Hapludoll,http://registry.it.csiro.au/def/soils/soil-taxonomy/,hapludoll,hapludoll,http://registry.it.csiro.au/def/soils/soil-taxonomy/hapludoll,',@en,'Hapludoll'@en
C_O_SOIL_TAXONOMY,MUDPA,Paleudoll,http://registry.it.csiro.au/def/soils/soil-taxonomy/,paleudoll,paleudoll,http://registry.it.csiro.au/def/soils/soil-taxonomy/paleudoll,',@en,'Paleudoll'@en
C_O_SOIL_TAXONOMY,MUDVE,Vermudoll,http://registry.it.csiro.au/def/soils/soil-taxonomy/,vermudoll,vermudoll,http://registry.it.csiro.au/def/soils/soil-taxonomy/vermudoll,',@en,'Vermudoll'@en
C_O_SOIL_TAXONOMY,MUS,Ustoll,http://registry.it.csiro.au/def/soils/soil-taxonomy/,ustoll,ustoll,http://registry.it.csiro.au/def/soils/soil-taxonomy/ustoll,',@en,'Ustoll'@en
C_O_SOIL_TAXONOMY,MUSAR,Argiustoll,http://registry.it.csiro.au/def/soils/soil-taxonomy/,argiustoll,argiustoll,http://registry.it.csiro.au/def/soils/soil-taxonomy/argiustoll,',@en,'Argiustoll'@en
C_O_SOIL_TAXONOMY,MUSCA,Calciustoll,http://registry.it.csiro.au/def/soils/soil-taxonomy/,calciustoll,calciustoll,http://registry.it.csiro.au/def/soils/soil-taxonomy/calciustoll,',@en,'Calciustoll'@en
C_O_SOIL_TAXONOMY,MUSDU,Durustoll,http://registry.it.csiro.au/def/soils/soil-taxonomy/,durustoll,durustoll,http://registry.it.csiro.au/def/soils/soil-taxonomy/durustoll,',@en,'Durustoll'@en
C_O_SOIL_TAXONOMY,MUSHA,Haplustoll,http://registry.it.csiro.au/def/soils/soil-taxonomy/,haplustoll,haplustoll,http://registry.it.csiro.au/def/soils/soil-taxonomy/haplustoll,',@en,'Haplustoll'@en
C_O_SOIL_TAXONOMY,MUSNA,Natrustoll,http://registry.it.csiro.au/def/soils/soil-taxonomy/,natrustoll,natrustoll,http://registry.it.csiro.au/def/soils/soil-taxonomy/natrustoll,',@en,'Natrustoll'@en
C_O_SOIL_TAXONOMY,MUSPA,Paleustoll,http://registry.it.csiro.au/def/soils/soil-taxonomy/,paleustoll,paleustoll,http://registry.it.csiro.au/def/soils/soil-taxonomy/paleustoll,',@en,'Paleustoll'@en
C_O_SOIL_TAXONOMY,MUSVE,Vermustoll,http://registry.it.csiro.au/def/soils/soil-taxonomy/,vermustoll,vermustoll,http://registry.it.csiro.au/def/soils/soil-taxonomy/vermustoll,',@en,'Vermustoll'@en
C_O_SOIL_TAXONOMY,MXE,Xeroll,http://registry.it.csiro.au/def/soils/soil-taxonomy/,xeroll,xeroll,http://registry.it.csiro.au/def/soils/soil-taxonomy/xeroll,',@en,'Xeroll'@en
C_O_SOIL_TAXONOMY,MXEAR,Argixeroll,http://registry.it.csiro.au/def/soils/soil-taxonomy/,argixeroll,argixeroll,http://registry.it.csiro.au/def/soils/soil-taxonomy/argixeroll,',@en,'Argixeroll'@en
C_O_SOIL_TAXONOMY,MXECA,Calcixeroll,http://registry.it.csiro.au/def/soils/soil-taxonomy/,calcixeroll,calcixeroll,http://registry.it.csiro.au/def/soils/soil-taxonomy/calcixeroll,',@en,'Calcixeroll'@en
C_O_SOIL_TAXONOMY,MXEDU,Durixeroll,http://registry.it.csiro.au/def/soils/soil-taxonomy/,durixeroll,durixeroll,http://registry.it.csiro.au/def/soils/soil-taxonomy/durixeroll,',@en,'Durixeroll'@en
C_O_SOIL_TAXONOMY,MXEHA,Haploxeroll,http://registry.it.csiro.au/def/soils/soil-taxonomy/,haploxeroll,haploxeroll,http://registry.it.csiro.au/def/soils/soil-taxonomy/haploxeroll,',@en,'Haploxeroll'@en
C_O_SOIL_TAXONOMY,MXENA,Natrixeroll,http://registry.it.csiro.au/def/soils/soil-taxonomy/,natrixeroll,natrixeroll,http://registry.it.csiro.au/def/soils/soil-taxonomy/natrixeroll,',@en,'Natrixeroll'@en
C_O_SOIL_TAXONOMY,MXEPA,Palexeroll,http://registry.it.csiro.au/def/soils/soil-taxonomy/,palexeroll,palexeroll,http://registry.it.csiro.au/def/soils/soil-taxonomy/palexeroll,',@en,'Palexeroll'@en
C_O_SOIL_TAXONOMY,O,Oxisol,http://registry.it.csiro.au/def/soils/soil-taxonomy/,oxisol,oxisol,http://registry.it.csiro.au/def/soils/soil-taxonomy/oxisol,',@en,'Oxisol'@en
C_O_SOIL_TAXONOMY,OAQ,Aquox,http://registry.it.csiro.au/def/soils/soil-taxonomy/,aquox,aquox,http://registry.it.csiro.au/def/soils/soil-taxonomy/aquox,',@en,'Aquox'@en
C_O_SOIL_TAXONOMY,OAQAC,Aeraquox,http://registry.it.csiro.au/def/soils/soil-taxonomy/,aeraquox,aeraquox,http://registry.it.csiro.au/def/soils/soil-taxonomy/aeraquox,',@en,'Aeraquox'@en
C_O_SOIL_TAXONOMY,OAQPN,Plinthaquox,http://registry.it.csiro.au/def/soils/soil-taxonomy/,plinthaquox,plinthaquox,http://registry.it.csiro.au/def/soils/soil-taxonomy/plinthaquox,',@en,'Plinthaquox'@en
C_O_SOIL_TAXONOMY,OAQUE,Eutraquox,http://registry.it.csiro.au/def/soils/soil-taxonomy/,eutraquox,eutraquox,http://registry.it.csiro.au/def/soils/soil-taxonomy/eutraquox,',@en,'Eutraquox'@en
C_O_SOIL_TAXONOMY,OAQUM,Umbraquox,http://registry.it.csiro.au/def/soils/soil-taxonomy/,umbraquox,umbraquox,http://registry.it.csiro.au/def/soils/soil-taxonomy/umbraquox,',@en,'Umbraquox'@en
C_O_SOIL_TAXONOMY,OPE,Perox,http://registry.it.csiro.au/def/soils/soil-taxonomy/,perox,perox,http://registry.it.csiro.au/def/soils/soil-taxonomy/perox,',@en,'Perox'@en
C_O_SOIL_TAXONOMY,OPEAC,Acroperox,http://registry.it.csiro.au/def/soils/soil-taxonomy/,acroperox,acroperox,http://registry.it.csiro.au/def/soils/soil-taxonomy/acroperox,',@en,'Acroperox'@en
C_O_SOIL_TAXONOMY,OPEEU,Eutroperox,http://registry.it.csiro.au/def/soils/soil-taxonomy/,eutroperox,eutroperox,http://registry.it.csiro.au/def/soils/soil-taxonomy/eutroperox,',@en,'Eutroperox'@en
C_O_SOIL_TAXONOMY,OPEHA,Haploperox,http://registry.it.csiro.au/def/soils/soil-taxonomy/,haploperox,haploperox,http://registry.it.csiro.au/def/soils/soil-taxonomy/haploperox,',@en,'Haploperox'@en
C_O_SOIL_TAXONOMY,OPEKA,Kandiperox,http://registry.it.csiro.au/def/soils/soil-taxonomy/,kandiperox,kandiperox,http://registry.it.csiro.au/def/soils/soil-taxonomy/kandiperox,',@en,'Kandiperox'@en
C_O_SOIL_TAXONOMY,OPESO,Sombriperox,http://registry.it.csiro.au/def/soils/soil-taxonomy/,sombriperox,sombriperox,http://registry.it.csiro.au/def/soils/soil-taxonomy/sombriperox,',@en,'Sombriperox'@en
C_O_SOIL_TAXONOMY,OTO,Torrox,http://registry.it.csiro.au/def/soils/soil-taxonomy/,torrox,torrox,http://registry.it.csiro.au/def/soils/soil-taxonomy/torrox,',@en,'Torrox'@en
C_O_SOIL_TAXONOMY,OTOAC,Aerotorox,http://registry.it.csiro.au/def/soils/soil-taxonomy/,aerotorox,aerotorox,http://registry.it.csiro.au/def/soils/soil-taxonomy/aerotorox,',@en,'Aerotorox'@en
C_O_SOIL_TAXONOMY,OTOEU,Eutrotorox,http://registry.it.csiro.au/def/soils/soil-taxonomy/,eutrotorox,eutrotorox,http://registry.it.csiro.au/def/soils/soil-taxonomy/eutrotorox,',@en,'Eutrotorox'@en
C_O_SOIL_TAXONOMY,OTOHA,Haplotorox,http://registry.it.csiro.au/def/soils/soil-taxonomy/,haplotorox,haplotorox,http://registry.it.csiro.au/def/soils/soil-taxonomy/haplotorox,',@en,'Haplotorox'@en
C_O_SOIL_TAXONOMY,OUD,Udox,http://registry.it.csiro.au/def/soils/soil-taxonomy/,udox,udox,http://registry.it.csiro.au/def/soils/soil-taxonomy/udox,',@en,'Udox'@en
C_O_SOIL_TAXONOMY,OUDAC,Aerudox,http://registry.it.csiro.au/def/soils/soil-taxonomy/,aerudox,aerudox,http://registry.it.csiro.au/def/soils/soil-taxonomy/aerudox,',@en,'Aerudox'@en
C_O_SOIL_TAXONOMY,OUDEU,Eutrudox,http://registry.it.csiro.au/def/soils/soil-taxonomy/,eutrudox,eutrudox,http://registry.it.csiro.au/def/soils/soil-taxonomy/eutrudox,',@en,'Eutrudox'@en
C_O_SOIL_TAXONOMY,OUDHA,Hapludox,http://registry.it.csiro.au/def/soils/soil-taxonomy/,hapludox,hapludox,http://registry.it.csiro.au/def/soils/soil-taxonomy/hapludox,',@en,'Hapludox'@en
C_O_SOIL_TAXONOMY,OUDKA,Kandiudox,http://registry.it.csiro.au/def/soils/soil-taxonomy/,kandiudox,kandiudox,http://registry.it.csiro.au/def/soils/soil-taxonomy/kandiudox,',@en,'Kandiudox'@en
C_O_SOIL_TAXONOMY,OUDSO,Sombriudox,http://registry.it.csiro.au/def/soils/soil-taxonomy/,sombriudox,sombriudox,http://registry.it.csiro.au/def/soils/soil-taxonomy/sombriudox,',@en,'Sombriudox'@en
C_O_SOIL_TAXONOMY,OUS,Ustox,http://registry.it.csiro.au/def/soils/soil-taxonomy/,ustox,ustox,http://registry.it.csiro.au/def/soils/soil-taxonomy/ustox,',@en,'Ustox'@en
C_O_SOIL_TAXONOMY,OUSAC,Acrustox,http://registry.it.csiro.au/def/soils/soil-taxonomy/,acrustox,acrustox,http://registry.it.csiro.au/def/soils/soil-taxonomy/acrustox,',@en,'Acrustox'@en
C_O_SOIL_TAXONOMY,OUSEU,Eutrustox,http://registry.it.csiro.au/def/soils/soil-taxonomy/,eutrustox,eutrustox,http://registry.it.csiro.au/def/soils/soil-taxonomy/eutrustox,',@en,'Eutrustox'@en
C_O_SOIL_TAXONOMY,OUSHA,Haplustox,http://registry.it.csiro.au/def/soils/soil-taxonomy/,haplustox,haplustox,http://registry.it.csiro.au/def/soils/soil-taxonomy/haplustox,',@en,'Haplustox'@en
C_O_SOIL_TAXONOMY,OUSKA,Kandiustox,http://registry.it.csiro.au/def/soils/soil-taxonomy/,kandiustox,kandiustox,http://registry.it.csiro.au/def/soils/soil-taxonomy/kandiustox,',@en,'Kandiustox'@en
C_O_SOIL_TAXONOMY,OUSSO,Sombriustox,http://registry.it.csiro.au/def/soils/soil-taxonomy/,sombriustox,sombriustox,http://registry.it.csiro.au/def/soils/soil-taxonomy/sombriustox,',@en,'Sombriustox'@en
C_O_SOIL_TAXONOMY,S,Spodosol,http://registry.it.csiro.au/def/soils/soil-taxonomy/,spodosol,spodosol,http://registry.it.csiro.au/def/soils/soil-taxonomy/spodosol,',@en,'Spodosol'@en
C_O_SOIL_TAXONOMY,SAQ,Aquod,http://registry.it.csiro.au/def/soils/soil-taxonomy/,aquod,aquod,http://registry.it.csiro.au/def/soils/soil-taxonomy/aquod,',@en,'Aquod'@en
C_O_SOIL_TAXONOMY,SAQCR,Cryaquod,http://registry.it.csiro.au/def/soils/soil-taxonomy/,cryaquod,cryaquod,http://registry.it.csiro.au/def/soils/soil-taxonomy/cryaquod,',@en,'Cryaquod'@en
C_O_SOIL_TAXONOMY,SAQDU,Duraquod,http://registry.it.csiro.au/def/soils/soil-taxonomy/,duraquod,duraquod,http://registry.it.csiro.au/def/soils/soil-taxonomy/duraquod,',@en,'Duraquod'@en
C_O_SOIL_TAXONOMY,SAQFR,Fragiaquod,http://registry.it.csiro.au/def/soils/soil-taxonomy/,fragiaquod,fragiaquod,http://registry.it.csiro.au/def/soils/soil-taxonomy/fragiaquod,',@en,'Fragiaquod'@en
C_O_SOIL_TAXONOMY,SAQHA,Haplaquod,http://registry.it.csiro.au/def/soils/soil-taxonomy/,haplaquod,haplaquod,http://registry.it.csiro.au/def/soils/soil-taxonomy/haplaquod,',@en,'Haplaquod'@en
C_O_SOIL_TAXONOMY,SAQPK,Placaquod,http://registry.it.csiro.au/def/soils/soil-taxonomy/,placaquod,placaquod,http://registry.it.csiro.au/def/soils/soil-taxonomy/placaquod,',@en,'Placaquod'@en
C_O_SOIL_TAXONOMY,SAQSI,Sideraquod,http://registry.it.csiro.au/def/soils/soil-taxonomy/,sideraquod,sideraquod,http://registry.it.csiro.au/def/soils/soil-taxonomy/sideraquod,',@en,'Sideraquod'@en
C_O_SOIL_TAXONOMY,SAQTR,Tropaquod,http://registry.it.csiro.au/def/soils/soil-taxonomy/,tropaquod,tropaquod,http://registry.it.csiro.au/def/soils/soil-taxonomy/tropaquod,',@en,'Tropaquod'@en
C_O_SOIL_TAXONOMY,SFE,Ferrod,http://registry.it.csiro.au/def/soils/soil-taxonomy/,ferrod,ferrod,http://registry.it.csiro.au/def/soils/soil-taxonomy/ferrod,',@en,'Ferrod'@en
C_O_SOIL_TAXONOMY,SFEFE,Ferrod,http://registry.it.csiro.au/def/soils/soil-taxonomy/,ferrod,ferrod,http://registry.it.csiro.au/def/soils/soil-taxonomy/ferrod,',@en,'Ferrod'@en
C_O_SOIL_TAXONOMY,SHU,Humod,http://registry.it.csiro.au/def/soils/soil-taxonomy/,humod,humod,http://registry.it.csiro.au/def/soils/soil-taxonomy/humod,',@en,'Humod'@en
C_O_SOIL_TAXONOMY,SHUCR,Cryohumod,http://registry.it.csiro.au/def/soils/soil-taxonomy/,cryohumod,cryohumod,http://registry.it.csiro.au/def/soils/soil-taxonomy/cryohumod,',@en,'Cryohumod'@en
C_O_SOIL_TAXONOMY,SHUFR,Fragihumod,http://registry.it.csiro.au/def/soils/soil-taxonomy/,fragihumod,fragihumod,http://registry.it.csiro.au/def/soils/soil-taxonomy/fragihumod,',@en,'Fragihumod'@en
C_O_SOIL_TAXONOMY,SHUHA,Haplohumod,http://registry.it.csiro.au/def/soils/soil-taxonomy/,haplohumod,haplohumod,http://registry.it.csiro.au/def/soils/soil-taxonomy/haplohumod,',@en,'Haplohumod'@en
C_O_SOIL_TAXONOMY,SHUPK,Placohumod,http://registry.it.csiro.au/def/soils/soil-taxonomy/,placohumod,placohumod,http://registry.it.csiro.au/def/soils/soil-taxonomy/placohumod,',@en,'Placohumod'@en
C_O_SOIL_TAXONOMY,SHUTR,Tropohumod,http://registry.it.csiro.au/def/soils/soil-taxonomy/,tropohumod,tropohumod,http://registry.it.csiro.au/def/soils/soil-taxonomy/tropohumod,',@en,'Tropohumod'@en
C_O_SOIL_TAXONOMY,SOR,Orthod,http://registry.it.csiro.au/def/soils/soil-taxonomy/,orthod,orthod,http://registry.it.csiro.au/def/soils/soil-taxonomy/orthod,',@en,'Orthod'@en
C_O_SOIL_TAXONOMY,SORCR,Cryorthod,http://registry.it.csiro.au/def/soils/soil-taxonomy/,cryorthod,cryorthod,http://registry.it.csiro.au/def/soils/soil-taxonomy/cryorthod,',@en,'Cryorthod'@en
C_O_SOIL_TAXONOMY,SORFR,Fragiorthod,http://registry.it.csiro.au/def/soils/soil-taxonomy/,fragiorthod,fragiorthod,http://registry.it.csiro.au/def/soils/soil-taxonomy/fragiorthod,',@en,'Fragiorthod'@en
C_O_SOIL_TAXONOMY,SORHA,Haplorthod,http://registry.it.csiro.au/def/soils/soil-taxonomy/,haplorthod,haplorthod,http://registry.it.csiro.au/def/soils/soil-taxonomy/haplorthod,',@en,'Haplorthod'@en
C_O_SOIL_TAXONOMY,SORPK,Placorthod,http://registry.it.csiro.au/def/soils/soil-taxonomy/,placorthod,placorthod,http://registry.it.csiro.au/def/soils/soil-taxonomy/placorthod,',@en,'Placorthod'@en
C_O_SOIL_TAXONOMY,SORTR,Troporthod,http://registry.it.csiro.au/def/soils/soil-taxonomy/,troporthod,troporthod,http://registry.it.csiro.au/def/soils/soil-taxonomy/troporthod,',@en,'Troporthod'@en
C_O_SOIL_TAXONOMY,U,Ultisol,http://registry.it.csiro.au/def/soils/soil-taxonomy/,ultisol,ultisol,http://registry.it.csiro.au/def/soils/soil-taxonomy/ultisol,',@en,'Ultisol'@en
C_O_SOIL_TAXONOMY,UAQ,Aquult,http://registry.it.csiro.au/def/soils/soil-taxonomy/,aquult,aquult,http://registry.it.csiro.au/def/soils/soil-taxonomy/aquult,',@en,'Aquult'@en
C_O_SOIL_TAXONOMY,UAQAL,Albaquult,http://registry.it.csiro.au/def/soils/soil-taxonomy/,albaquult,albaquult,http://registry.it.csiro.au/def/soils/soil-taxonomy/albaquult,',@en,'Albaquult'@en
C_O_SOIL_TAXONOMY,UAQFR,Fragiaquult,http://registry.it.csiro.au/def/soils/soil-taxonomy/,fragiaquult,fragiaquult,http://registry.it.csiro.au/def/soils/soil-taxonomy/fragiaquult,',@en,'Fragiaquult'@en
C_O_SOIL_TAXONOMY,UAQKA,Kandiaquult,http://registry.it.csiro.au/def/soils/soil-taxonomy/,kandiaquult,kandiaquult,http://registry.it.csiro.au/def/soils/soil-taxonomy/kandiaquult,',@en,'Kandiaquult'@en
C_O_SOIL_TAXONOMY,UAQKH,Kanhaplaquult,http://registry.it.csiro.au/def/soils/soil-taxonomy/,kanhaplaquult,kanhaplaquult,http://registry.it.csiro.au/def/soils/soil-taxonomy/kanhaplaquult,',@en,'Kanhaplaquult'@en
C_O_SOIL_TAXONOMY,UAQOC,Ochraquult,http://registry.it.csiro.au/def/soils/soil-taxonomy/,ochraquult,ochraquult,http://registry.it.csiro.au/def/soils/soil-taxonomy/ochraquult,',@en,'Ochraquult'@en
C_O_SOIL_TAXONOMY,UAQPA,Paleaquult,http://registry.it.csiro.au/def/soils/soil-taxonomy/,paleaquult,paleaquult,http://registry.it.csiro.au/def/soils/soil-taxonomy/paleaquult,',@en,'Paleaquult'@en
C_O_SOIL_TAXONOMY,UAQPN,Plinthaquult,http://registry.it.csiro.au/def/soils/soil-taxonomy/,plinthaquult,plinthaquult,http://registry.it.csiro.au/def/soils/soil-taxonomy/plinthaquult,',@en,'Plinthaquult'@en
C_O_SOIL_TAXONOMY,UAQTR,Tropaquult,http://registry.it.csiro.au/def/soils/soil-taxonomy/,tropaquult,tropaquult,http://registry.it.csiro.au/def/soils/soil-taxonomy/tropaquult,',@en,'Tropaquult'@en
C_O_SOIL_TAXONOMY,UAQUM,Umbraquult,http://registry.it.csiro.au/def/soils/soil-taxonomy/,umbraquult,umbraquult,http://registry.it.csiro.au/def/soils/soil-taxonomy/umbraquult,',@en,'Umbraquult'@en
C_O_SOIL_TAXONOMY,UHU,Humult,http://registry.it.csiro.au/def/soils/soil-taxonomy/,humult,humult,http://registry.it.csiro.au/def/soils/soil-taxonomy/humult,',@en,'Humult'@en
C_O_SOIL_TAXONOMY,UHUHA,Haplohumult,http://registry.it.csiro.au/def/soils/soil-taxonomy/,haplohumult,haplohumult,http://registry.it.csiro.au/def/soils/soil-taxonomy/haplohumult,',@en,'Haplohumult'@en
C_O_SOIL_TAXONOMY,UHUKA,Kandihumult,http://registry.it.csiro.au/def/soils/soil-taxonomy/,kandihumult,kandihumult,http://registry.it.csiro.au/def/soils/soil-taxonomy/kandihumult,',@en,'Kandihumult'@en
C_O_SOIL_TAXONOMY,UHUKH,Kanhaplohumult,http://registry.it.csiro.au/def/soils/soil-taxonomy/,kanhaplohumult,kanhaplohumult,http://registry.it.csiro.au/def/soils/soil-taxonomy/kanhaplohumult,',@en,'Kanhaplohumult'@en
C_O_SOIL_TAXONOMY,UHUPN,Plinthohumult,http://registry.it.csiro.au/def/soils/soil-taxonomy/,plinthohumult,plinthohumult,http://registry.it.csiro.au/def/soils/soil-taxonomy/plinthohumult,',@en,'Plinthohumult'@en
C_O_SOIL_TAXONOMY,UHUSO,Sombrihumult,http://registry.it.csiro.au/def/soils/soil-taxonomy/,sombrihumult,sombrihumult,http://registry.it.csiro.au/def/soils/soil-taxonomy/sombrihumult,',@en,'Sombrihumult'@en
C_O_SOIL_TAXONOMY,UUD,Udult,http://registry.it.csiro.au/def/soils/soil-taxonomy/,udult,udult,http://registry.it.csiro.au/def/soils/soil-taxonomy/udult,',@en,'Udult'@en
C_O_SOIL_TAXONOMY,UUDFR,Fragiudult,http://registry.it.csiro.au/def/soils/soil-taxonomy/,fragiudult,fragiudult,http://registry.it.csiro.au/def/soils/soil-taxonomy/fragiudult,',@en,'Fragiudult'@en
C_O_SOIL_TAXONOMY,UUDHA,Hapludult,http://registry.it.csiro.au/def/soils/soil-taxonomy/,hapludult,hapludult,http://registry.it.csiro.au/def/soils/soil-taxonomy/hapludult,',@en,'Hapludult'@en
C_O_SOIL_TAXONOMY,UUDKA,Kandiudult,http://registry.it.csiro.au/def/soils/soil-taxonomy/,kandiudult,kandiudult,http://registry.it.csiro.au/def/soils/soil-taxonomy/kandiudult,',@en,'Kandiudult'@en
C_O_SOIL_TAXONOMY,UUDKH,Kanhapludult,http://registry.it.csiro.au/def/soils/soil-taxonomy/,kanhapludult,kanhapludult,http://registry.it.csiro.au/def/soils/soil-taxonomy/kanhapludult,',@en,'Kanhapludult'@en
C_O_SOIL_TAXONOMY,UUDPA,Paleudult,http://registry.it.csiro.au/def/soils/soil-taxonomy/,paleudult,paleudult,http://registry.it.csiro.au/def/soils/soil-taxonomy/paleudult,',@en,'Paleudult'@en
C_O_SOIL_TAXONOMY,UUDPN,Plinthudult,http://registry.it.csiro.au/def/soils/soil-taxonomy/,plinthudult,plinthudult,http://registry.it.csiro.au/def/soils/soil-taxonomy/plinthudult,',@en,'Plinthudult'@en
C_O_SOIL_TAXONOMY,UUDRH,Rhodudult,http://registry.it.csiro.au/def/soils/soil-taxonomy/,rhodudult,rhodudult,http://registry.it.csiro.au/def/soils/soil-taxonomy/rhodudult,',@en,'Rhodudult'@en
C_O_SOIL_TAXONOMY,UUS,Ustult,http://registry.it.csiro.au/def/soils/soil-taxonomy/,ustult,ustult,http://registry.it.csiro.au/def/soils/soil-taxonomy/ustult,',@en,'Ustult'@en
C_O_SOIL_TAXONOMY,UUSHA,Haplustult,http://registry.it.csiro.au/def/soils/soil-taxonomy/,haplustult,haplustult,http://registry.it.csiro.au/def/soils/soil-taxonomy/haplustult,',@en,'Haplustult'@en
C_O_SOIL_TAXONOMY,UUSKA,Kandiustult,http://registry.it.csiro.au/def/soils/soil-taxonomy/,kandiustult,kandiustult,http://registry.it.csiro.au/def/soils/soil-taxonomy/kandiustult,',@en,'Kandiustult'@en
C_O_SOIL_TAXONOMY,UUSKH,Kanhaplustukt,http://registry.it.csiro.au/def/soils/soil-taxonomy/,kanhaplustukt,kanhaplustukt,http://registry.it.csiro.au/def/soils/soil-taxonomy/kanhaplustukt,',@en,'Kanhaplustukt'@en
C_O_SOIL_TAXONOMY,UUSPA,Paleustult,http://registry.it.csiro.au/def/soils/soil-taxonomy/,paleustult,paleustult,http://registry.it.csiro.au/def/soils/soil-taxonomy/paleustult,',@en,'Paleustult'@en
C_O_SOIL_TAXONOMY,UUSPN,Plinthustult,http://registry.it.csiro.au/def/soils/soil-taxonomy/,plinthustult,plinthustult,http://registry.it.csiro.au/def/soils/soil-taxonomy/plinthustult,',@en,'Plinthustult'@en
C_O_SOIL_TAXONOMY,UUSRH,Rhodustult,http://registry.it.csiro.au/def/soils/soil-taxonomy/,rhodustult,rhodustult,http://registry.it.csiro.au/def/soils/soil-taxonomy/rhodustult,',@en,'Rhodustult'@en
C_O_SOIL_TAXONOMY,UXE,Xerult,http://registry.it.csiro.au/def/soils/soil-taxonomy/,xerult,xerult,http://registry.it.csiro.au/def/soils/soil-taxonomy/xerult,',@en,'Xerult'@en
C_O_SOIL_TAXONOMY,UXEHA,Haploxerult,http://registry.it.csiro.au/def/soils/soil-taxonomy/,haploxerult,haploxerult,http://registry.it.csiro.au/def/soils/soil-taxonomy/haploxerult,',@en,'Haploxerult'@en
C_O_SOIL_TAXONOMY,UXEPA,Palexerult,http://registry.it.csiro.au/def/soils/soil-taxonomy/,palexerult,palexerult,http://registry.it.csiro.au/def/soils/soil-taxonomy/palexerult,',@en,'Palexerult'@en
C_O_SOIL_TAXONOMY,V,Vertisol,http://registry.it.csiro.au/def/soils/soil-taxonomy/,vertisol,vertisol,http://registry.it.csiro.au/def/soils/soil-taxonomy/vertisol,',@en,'Vertisol'@en
C_O_SOIL_TAXONOMY,VTD,Torrert,http://registry.it.csiro.au/def/soils/soil-taxonomy/,torrert,torrert,http://registry.it.csiro.au/def/soils/soil-taxonomy/torrert,',@en,'Torrert'@en
C_O_SOIL_TAXONOMY,VTOTO,Torrert,http://registry.it.csiro.au/def/soils/soil-taxonomy/,torrert,torrert,http://registry.it.csiro.au/def/soils/soil-taxonomy/torrert,',@en,'Torrert'@en
C_O_SOIL_TAXONOMY,VUD,Udert,http://registry.it.csiro.au/def/soils/soil-taxonomy/,udert,udert,http://registry.it.csiro.au/def/soils/soil-taxonomy/udert,',@en,'Udert'@en
C_O_SOIL_TAXONOMY,VUDCH,Chromudert,http://registry.it.csiro.au/def/soils/soil-taxonomy/,chromudert,chromudert,http://registry.it.csiro.au/def/soils/soil-taxonomy/chromudert,',@en,'Chromudert'@en
C_O_SOIL_TAXONOMY,VUDPE,Pelludert,http://registry.it.csiro.au/def/soils/soil-taxonomy/,pelludert,pelludert,http://registry.it.csiro.au/def/soils/soil-taxonomy/pelludert,',@en,'Pelludert'@en
C_O_SOIL_TAXONOMY,VUS,Ustert,http://registry.it.csiro.au/def/soils/soil-taxonomy/,ustert,ustert,http://registry.it.csiro.au/def/soils/soil-taxonomy/ustert,',@en,'Ustert'@en
C_O_SOIL_TAXONOMY,VUSCH,Chromustert,http://registry.it.csiro.au/def/soils/soil-taxonomy/,chromustert,chromustert,http://registry.it.csiro.au/def/soils/soil-taxonomy/chromustert,',@en,'Chromustert'@en
C_O_SOIL_TAXONOMY,VUSPE,Pellustert,http://registry.it.csiro.au/def/soils/soil-taxonomy/,pellustert,pellustert,http://registry.it.csiro.au/def/soils/soil-taxonomy/pellustert,',@en,'Pellustert'@en
C_O_SOIL_TAXONOMY,VXE,Xerert,http://registry.it.csiro.au/def/soils/soil-taxonomy/,xerert,xerert,http://registry.it.csiro.au/def/soils/soil-taxonomy/xerert,',@en,'Xerert'@en
C_O_SOIL_TAXONOMY,VXECH,Chromoxerert,http://registry.it.csiro.au/def/soils/soil-taxonomy/,chromoxerert,chromoxerert,http://registry.it.csiro.au/def/soils/soil-taxonomy/chromoxerert,',@en,'Chromoxerert'@en
C_O_SOIL_TAXONOMY,VXEPE,Pelloxerert,http://registry.it.csiro.au/def/soils/soil-taxonomy/,pelloxerert,pelloxerert,http://registry.it.csiro.au/def/soils/soil-taxonomy/pelloxerert,',@en,'Pelloxerert'@en
